binary	scenario	network	path_profile	metric	selected_threads	best_threads	boundary_threads	selection_probability_within_tolerance	best_p50	selected_p50	selected_vs_best_ratio	selected_vs_best_ci95_low	selected_vs_best_ci95_high	plateau_sentinel_count	edge_status	decision_status	reason
lsperf	connect	iouring	loopback	connections_per_second	11	11	11	1.000000	7701.480742	7701.480742	1.000000	1.000000	1.000000	1	ok	converged	incremental_improvement_0.99pct_le_1.00pct
lsperf	connect	syscall	loopback	connections_per_second	5	5	6	1.000000	3526.067598	3526.067598	1.000000	1.000000	1.000000	1	ok	converged	incremental_improvement_-0.83pct_le_1.00pct
lsperf	download	iouring	loopback	throughput_gbps	1	1	2	1.000000	11.391506	11.391506	1.000000	1.000000	1.000000	1	ok	converged	incremental_improvement_-62.60pct_le_1.00pct
lsperf	download	syscall	loopback	throughput_gbps	1	1	2	1.000000	11.789299	11.789299	1.000000	1.000000	1.000000	1	ok	converged	incremental_improvement_-56.91pct_le_1.00pct
lsperf	upload	iouring	loopback	throughput_gbps	5	5	6	1.000000	20.705222	20.705222	1.000000	1.000000	1.000000	1	ok	converged	incremental_improvement_-4.05pct_le_1.00pct
lsperf	upload	syscall	loopback	throughput_gbps	5	5	6	1.000000	23.329985	23.329985	1.000000	1.000000	1.000000	1	ok	converged	incremental_improvement_-10.24pct_le_1.00pct
mvfstperf	connect	iouring	loopback	connections_per_second	6	6	7	1.000000	839.253156	839.253156	1.000000	1.000000	1.000000	1	ok	converged	incremental_improvement_-1.17pct_le_1.00pct
mvfstperf	connect	syscall	loopback	connections_per_second	8	8	9	1.000000	858.391124	858.391124	1.000000	1.000000	1.000000	1	ok	converged	incremental_improvement_-3.87pct_le_1.00pct
mvfstperf	download	iouring	loopback	throughput_gbps	1	1	2	1.000000	6.630543	6.630543	1.000000	1.000000	1.000000	1	ok	converged	incremental_improvement_-6.13pct_le_1.00pct
mvfstperf	download	syscall	loopback	throughput_gbps	1	1	2	1.000000	6.460152	6.460152	1.000000	1.000000	1.000000	1	ok	converged	incremental_improvement_-3.32pct_le_1.00pct
mvfstperf	upload	iouring	loopback	throughput_gbps	14	14	15	1.000000	6.553247	6.553247	1.000000	1.000000	1.000000	1	ok	converged	incremental_improvement_-7.37pct_le_1.00pct
mvfstperf	upload	syscall	loopback	throughput_gbps	15	15	15	1.000000	6.907475	6.907475	1.000000	1.000000	1.000000	1	ok	converged	incremental_improvement_0.61pct_le_1.00pct
neqoperf	connect	iouring	loopback	connections_per_second	5	5	6	1.000000	783.894290	783.894290	1.000000	1.000000	1.000000	1	ok	converged	incremental_improvement_-2.13pct_le_1.00pct
neqoperf	connect	syscall	loopback	connections_per_second	11	11	11	1.000000	1010.345591	1010.345591	1.000000	1.000000	1.000000	1	ok	converged	incremental_improvement_0.95pct_le_1.00pct
neqoperf	download	iouring	loopback	throughput_gbps	1	1	2	1.000000	4.084490	4.084490	1.000000	1.000000	1.000000	1	ok	converged	incremental_improvement_-9.81pct_le_1.00pct
neqoperf	download	syscall	loopback	throughput_gbps	1	1	2	1.000000	4.166774	4.166774	1.000000	1.000000	1.000000	1	ok	converged	incremental_improvement_-10.88pct_le_1.00pct
neqoperf	upload	iouring	loopback	throughput_gbps	1	1	2	1.000000	3.975923	3.975923	1.000000	1.000000	1.000000	1	ok	converged	incremental_improvement_-29.94pct_le_1.00pct
neqoperf	upload	syscall	loopback	throughput_gbps	1	1	2	1.000000	4.158408	4.158408	1.000000	1.000000	1.000000	1	ok	converged	incremental_improvement_-36.88pct_le_1.00pct
ngtcp2perf	connect	iouring	loopback	connections_per_second	18	18	18	1.000000	9968.492186	9968.492186	1.000000	1.000000	1.000000	1	ok	converged	incremental_improvement_0.96pct_le_1.00pct
ngtcp2perf	connect	syscall	loopback	connections_per_second	7	7	8	1.000000	3005.263133	3005.263133	1.000000	1.000000	1.000000	1	ok	converged	incremental_improvement_-0.38pct_le_1.00pct
ngtcp2perf	download	iouring	loopback	throughput_gbps	2	2	3	1.000000	16.674042	16.674042	1.000000	1.000000	1.000000	1	ok	converged	incremental_improvement_-3.07pct_le_1.00pct
ngtcp2perf	download	syscall	loopback	throughput_gbps	1	1	2	1.000000	15.025589	15.025589	1.000000	1.000000	1.000000	1	ok	converged	incremental_improvement_-0.41pct_le_1.00pct
ngtcp2perf	upload	iouring	loopback	throughput_gbps	5	5	6	1.000000	24.267239	24.267239	1.000000	1.000000	1.000000	1	ok	converged	incremental_improvement_-1.76pct_le_1.00pct
ngtcp2perf	upload	syscall	loopback	throughput_gbps	3	3	4	1.000000	27.141936	27.141936	1.000000	1.000000	1.000000	1	ok	converged	incremental_improvement_-2.00pct_le_1.00pct
noqperf	connect	iouring	loopback	connections_per_second	10	10	11	1.000000	6189.861511	6189.861511	1.000000	1.000000	1.000000	1	ok	converged	incremental_improvement_-0.25pct_le_1.00pct
noqperf	connect	syscall	loopback	connections_per_second	7	7	8	1.000000	3090.890761	3090.890761	1.000000	1.000000	1.000000	1	ok	converged	incremental_improvement_-0.59pct_le_1.00pct
noqperf	download	iouring	loopback	throughput_gbps	2	2	3	1.000000	5.254559	5.254559	1.000000	1.000000	1.000000	1	ok	converged	incremental_improvement_-9.04pct_le_1.00pct
noqperf	download	syscall	loopback	throughput_gbps	3	3	4	1.000000	4.838655	4.838655	1.000000	1.000000	1.000000	1	ok	converged	incremental_improvement_-6.00pct_le_1.00pct
noqperf	upload	iouring	loopback	throughput_gbps	1	1	2	1.000000	3.568493	3.568493	1.000000	1.000000	1.000000	1	ok	converged	incremental_improvement_-15.53pct_le_1.00pct
noqperf	upload	syscall	loopback	throughput_gbps	1	1	2	1.000000	3.016209	3.016209	1.000000	1.000000	1.000000	1	ok	converged	incremental_improvement_-12.44pct_le_1.00pct
picoperf	connect	iouring	loopback	connections_per_second	10	10	11	1.000000	4338.462922	4338.462922	1.000000	1.000000	1.000000	1	ok	converged	incremental_improvement_-1.86pct_le_1.00pct
picoperf	connect	syscall	loopback	connections_per_second	7	7	8	1.000000	2199.857603	2199.857603	1.000000	1.000000	1.000000	1	ok	converged	incremental_improvement_-3.98pct_le_1.00pct
picoperf	download	iouring	loopback	throughput_gbps	1	1	2	1.000000	5.164743	5.164743	1.000000	1.000000	1.000000	1	ok	converged	incremental_improvement_-35.53pct_le_1.00pct
picoperf	download	syscall	loopback	throughput_gbps	1	1	2	1.000000	8.050297	8.050297	1.000000	1.000000	1.000000	1	ok	converged	incremental_improvement_-56.58pct_le_1.00pct
picoperf	upload	iouring	loopback	throughput_gbps	5	5	6	1.000000	11.474884	11.474884	1.000000	1.000000	1.000000	1	ok	converged	incremental_improvement_-0.55pct_le_1.00pct
picoperf	upload	syscall	loopback	throughput_gbps	2	2	3	1.000000	11.432897	11.432897	1.000000	1.000000	1.000000	1	ok	converged	incremental_improvement_-24.58pct_le_1.00pct
quicheperf	connect	iouring	loopback	connections_per_second	12	12	13	1.000000	5791.114261	5791.114261	1.000000	1.000000	1.000000	1	ok	converged	incremental_improvement_-1.73pct_le_1.00pct
quicheperf	connect	syscall	loopback	connections_per_second	8	8	8	1.000000	2436.649213	2436.649213	1.000000	1.000000	1.000000	1	ok	converged	incremental_improvement_0.43pct_le_1.00pct
quicheperf	download	iouring	loopback	throughput_gbps	2	2	3	1.000000	7.756130	7.756130	1.000000	1.000000	1.000000	1	ok	converged	incremental_improvement_-0.95pct_le_1.00pct
quicheperf	download	syscall	loopback	throughput_gbps	2	2	3	1.000000	8.997457	8.997457	1.000000	1.000000	1.000000	1	ok	converged	incremental_improvement_-1.84pct_le_1.00pct
quicheperf	upload	iouring	loopback	throughput_gbps	4	4	4	1.000000	12.812679	12.812679	1.000000	1.000000	1.000000	1	ok	converged	incremental_improvement_0.81pct_le_1.00pct
quicheperf	upload	syscall	loopback	throughput_gbps	4	4	5	1.000000	13.906682	13.906682	1.000000	1.000000	1.000000	1	ok	converged	incremental_improvement_-0.74pct_le_1.00pct
quiczigperf	connect	iouring	loopback	connections_per_second	11	11	12	1.000000	3799.021948	3799.021948	1.000000	1.000000	1.000000	1	ok	converged	incremental_improvement_-0.82pct_le_1.00pct
quiczigperf	connect	syscall	loopback	connections_per_second	6	6	7	1.000000	2320.150826	2320.150826	1.000000	1.000000	1.000000	1	ok	converged	incremental_improvement_-0.29pct_le_1.00pct
quiczigperf	download	iouring	loopback	throughput_gbps	1	1	2	1.000000	9.420408	9.420408	1.000000	1.000000	1.000000	1	ok	converged	incremental_improvement_-68.14pct_le_1.00pct
quiczigperf	download	syscall	loopback	throughput_gbps	1	1	2	1.000000	9.585001	9.585001	1.000000	1.000000	1.000000	1	ok	converged	incremental_improvement_-46.05pct_le_1.00pct
quiczigperf	upload	iouring	loopback	throughput_gbps	1	1	2	1.000000	9.206329	9.206329	1.000000	1.000000	1.000000	1	ok	converged	incremental_improvement_-29.75pct_le_1.00pct
quiczigperf	upload	syscall	loopback	throughput_gbps	1	1	2	1.000000	9.277879	9.277879	1.000000	1.000000	1.000000	1	ok	converged	incremental_improvement_-20.44pct_le_1.00pct
quinnperf	connect	iouring	loopback	connections_per_second	14	14	15	1.000000	7157.732729	7157.732729	1.000000	1.000000	1.000000	1	ok	converged	incremental_improvement_-0.36pct_le_1.00pct
quinnperf	connect	syscall	loopback	connections_per_second	7	7	8	1.000000	3257.025843	3257.025843	1.000000	1.000000	1.000000	1	ok	converged	incremental_improvement_-4.53pct_le_1.00pct
quinnperf	download	iouring	loopback	throughput_gbps	2	2	3	1.000000	6.588323	6.588323	1.000000	1.000000	1.000000	1	ok	converged	incremental_improvement_-7.00pct_le_1.00pct
quinnperf	download	syscall	loopback	throughput_gbps	3	3	3	1.000000	5.831085	5.831085	1.000000	1.000000	1.000000	1	ok	converged	incremental_improvement_0.95pct_le_1.00pct
quinnperf	upload	iouring	loopback	throughput_gbps	1	1	2	1.000000	4.130215	4.130215	1.000000	1.000000	1.000000	1	ok	converged	incremental_improvement_-12.13pct_le_1.00pct
quinnperf	upload	syscall	loopback	throughput_gbps	1	1	2	1.000000	3.446281	3.446281	1.000000	1.000000	1.000000	1	ok	converged	incremental_improvement_-7.90pct_le_1.00pct
s2nperf	connect	iouring	loopback	connections_per_second	11	11	12	1.000000	5656.456478	5656.456478	1.000000	1.000000	1.000000	1	ok	converged	incremental_improvement_-1.57pct_le_1.00pct
s2nperf	connect	syscall	loopback	connections_per_second	7	7	8	1.000000	2827.714947	2827.714947	1.000000	1.000000	1.000000	1	ok	converged	incremental_improvement_-5.28pct_le_1.00pct
s2nperf	download	iouring	loopback	throughput_gbps	6	6	6	1.000000	5.445554	5.445554	1.000000	1.000000	1.000000	1	ok	converged	incremental_improvement_0.68pct_le_1.00pct
s2nperf	download	syscall	loopback	throughput_gbps	4	4	5	1.000000	5.475502	5.475502	1.000000	1.000000	1.000000	1	ok	converged	incremental_improvement_-12.00pct_le_1.00pct
s2nperf	upload	iouring	loopback	throughput_gbps	3	3	4	1.000000	5.525716	5.525716	1.000000	1.000000	1.000000	1	ok	converged	incremental_improvement_-0.93pct_le_1.00pct
s2nperf	upload	syscall	loopback	throughput_gbps	2	2	3	1.000000	5.989219	5.989219	1.000000	1.000000	1.000000	1	ok	converged	incremental_improvement_-0.83pct_le_1.00pct
tquicperf	connect	iouring	loopback	connections_per_second	12	12	13	1.000000	7220.246114	7220.246114	1.000000	1.000000	1.000000	1	ok	converged	incremental_improvement_-1.18pct_le_1.00pct
tquicperf	connect	syscall	loopback	connections_per_second	9	9	10	1.000000	2961.370148	2961.370148	1.000000	1.000000	1.000000	1	ok	converged	incremental_improvement_-0.23pct_le_1.00pct
tquicperf	download	iouring	loopback	throughput_gbps	3	3	3	1.000000	6.547078	6.547078	1.000000	1.000000	1.000000	1	ok	converged	incremental_improvement_0.28pct_le_1.00pct
tquicperf	download	syscall	loopback	throughput_gbps	4	4	5	1.000000	7.406345	7.406345	1.000000	1.000000	1.000000	1	ok	converged	incremental_improvement_-1.79pct_le_1.00pct
tquicperf	upload	iouring	loopback	throughput_gbps	5	5	5	1.000000	10.060567	10.060567	1.000000	1.000000	1.000000	1	ok	converged	incremental_improvement_0.88pct_le_1.00pct
tquicperf	upload	syscall	loopback	throughput_gbps	5	5	6	1.000000	11.058685	11.058685	1.000000	1.000000	1.000000	1	ok	converged	incremental_improvement_-2.04pct_le_1.00pct
xquicperf	connect	iouring	loopback	connections_per_second	17	17	18	1.000000	8833.428586	8833.428586	1.000000	1.000000	1.000000	1	ok	converged	incremental_improvement_-3.43pct_le_1.00pct
xquicperf	connect	syscall	loopback	connections_per_second	7	7	8	1.000000	3606.709152	3606.709152	1.000000	1.000000	1.000000	1	ok	converged	incremental_improvement_-1.19pct_le_1.00pct
xquicperf	download	iouring	loopback	throughput_gbps	4	4	5	1.000000	3.384320	3.384320	1.000000	1.000000	1.000000	1	ok	converged	incremental_improvement_-0.73pct_le_1.00pct
xquicperf	download	syscall	loopback	throughput_gbps	3	3	4	1.000000	4.865162	4.865162	1.000000	1.000000	1.000000	1	ok	converged	incremental_improvement_-2.61pct_le_1.00pct
xquicperf	upload	iouring	loopback	throughput_gbps	1	1	2	1.000000	1.726123	1.726123	1.000000	1.000000	1.000000	1	ok	converged	incremental_improvement_-10.97pct_le_1.00pct
xquicperf	upload	syscall	loopback	throughput_gbps	4	4	5	1.000000	3.131590	3.131590	1.000000	1.000000	1.000000	1	ok	converged	incremental_improvement_-0.98pct_le_1.00pct
