binary	scenario	network	path_profile	tier	publication_eligible	adapter_features	congestion_controller	publication_status	metric	selected_threads	best_threads	boundary_threads	discovery_p50	confirm_p50	combined_p50	combined_p50_ci95_low	combined_p50_ci95_high	combined_p50_ci95_relative_width	p90	p99	p99_status	selection_probability_within_tolerance	selected_vs_best_ratio	edge_status	reason
lsperf	connect	iouring	loopback	publication	1	cc=cubic|pacing=on|spin=on|ql_bits=2|ecn=off|pmtud=off|send_batch=50|udp_gso=common_cpp|udp_gro=on	cubic	converged	connections_per_second	11	11	11	7701.480742		7701.480742	7608.203641	7821.315665	0.027672	7199.486464	6899.261140	insufficient_order_stat_support	1.000000	1.000000	ok	incremental_improvement_0.99pct_le_1.00pct
lsperf	connect	syscall	loopback	publication	1	cc=cubic|pacing=on|spin=on|ql_bits=2|ecn=off|pmtud=off|send_batch=50|udp_gso=common_cpp|udp_gro=on	cubic	converged	connections_per_second	5	5	6	3526.067598		3526.067598	3509.756561	3526.067598	0.004626	3072.410420	2841.156134	insufficient_order_stat_support	1.000000	1.000000	ok	incremental_improvement_-0.83pct_le_1.00pct
lsperf	download	iouring	loopback	publication	1	cc=cubic|pacing=on|spin=on|ql_bits=2|ecn=off|pmtud=off|send_batch=50|udp_gso=common_cpp|udp_gro=on	cubic	converged	throughput_gbps	1	1	2	11.391506		11.391506	11.157526	11.766976	0.053500	10.850342	10.098652	insufficient_order_stat_support	1.000000	1.000000	ok	incremental_improvement_-62.60pct_le_1.00pct
lsperf	download	syscall	loopback	publication	1	cc=cubic|pacing=on|spin=on|ql_bits=2|ecn=off|pmtud=off|send_batch=50|udp_gso=common_cpp|udp_gro=on	cubic	converged	throughput_gbps	1	1	2	11.789299		11.789299	11.757616	11.789299	0.002687	10.797469	10.715957	insufficient_order_stat_support	1.000000	1.000000	ok	incremental_improvement_-56.91pct_le_1.00pct
lsperf	upload	iouring	loopback	publication	1	cc=cubic|pacing=on|spin=on|ql_bits=2|ecn=off|pmtud=off|send_batch=50|udp_gso=common_cpp|udp_gro=on	cubic	converged	throughput_gbps	5	5	6	20.705222		20.705222	20.535010	20.894672	0.017371	17.672635	9.238581	insufficient_order_stat_support	1.000000	1.000000	ok	incremental_improvement_-4.05pct_le_1.00pct
lsperf	upload	syscall	loopback	publication	1	cc=cubic|pacing=on|spin=on|ql_bits=2|ecn=off|pmtud=off|send_batch=50|udp_gso=common_cpp|udp_gro=on	cubic	converged	throughput_gbps	5	5	6	23.329985		23.329985	22.914583	23.745874	0.035632	20.795250	19.884833	insufficient_order_stat_support	1.000000	1.000000	ok	incremental_improvement_-10.24pct_le_1.00pct
mvfstperf	connect	iouring	loopback	publication	1	cc=cubic|cpp_networkhub=on|socket=quic_async_udp_adapter|folly_eventbase=manual|udp_gso=common_cpp|udp_gro=on|runtime=none|pmtud=off|pacing=on	cubic	converged	connections_per_second	6	6	7	839.253156		839.253156	805.424876	855.452110	0.059609	736.543080	698.467596	insufficient_order_stat_support	1.000000	1.000000	ok	incremental_improvement_-1.17pct_le_1.00pct
mvfstperf	connect	syscall	loopback	publication	1	cc=cubic|cpp_networkhub=on|socket=quic_async_udp_adapter|folly_eventbase=manual|udp_gso=common_cpp|udp_gro=on|runtime=none|pmtud=off|pacing=on	cubic	converged	connections_per_second	8	8	9	858.391124		858.391124	851.159061	859.451227	0.009660	791.947389	732.302596	insufficient_order_stat_support	1.000000	1.000000	ok	incremental_improvement_-3.87pct_le_1.00pct
mvfstperf	download	iouring	loopback	publication	1	cc=cubic|cpp_networkhub=on|socket=quic_async_udp_adapter|folly_eventbase=manual|udp_gso=common_cpp|udp_gro=on|runtime=none|pmtud=off|pacing=on	cubic	converged	throughput_gbps	1	1	2	6.630543		6.630543	6.560128	6.651972	0.013852	6.303168	6.055607	insufficient_order_stat_support	1.000000	1.000000	ok	incremental_improvement_-6.13pct_le_1.00pct
mvfstperf	download	syscall	loopback	publication	1	cc=cubic|cpp_networkhub=on|socket=quic_async_udp_adapter|folly_eventbase=manual|udp_gso=common_cpp|udp_gro=on|runtime=none|pmtud=off|pacing=on	cubic	converged	throughput_gbps	1	1	2	6.460152		6.460152	6.191055	6.482487	0.045112	5.983877	5.686096	insufficient_order_stat_support	1.000000	1.000000	ok	incremental_improvement_-3.32pct_le_1.00pct
mvfstperf	upload	iouring	loopback	publication	1	cc=cubic|cpp_networkhub=on|socket=quic_async_udp_adapter|folly_eventbase=manual|udp_gso=common_cpp|udp_gro=on|runtime=none|pmtud=off|pacing=on	cubic	converged	throughput_gbps	14	14	15	6.553247		6.553247	6.553247	6.579560	0.004015	6.165144	6.078413	insufficient_order_stat_support	1.000000	1.000000	ok	incremental_improvement_-7.37pct_le_1.00pct
mvfstperf	upload	syscall	loopback	publication	1	cc=cubic|cpp_networkhub=on|socket=quic_async_udp_adapter|folly_eventbase=manual|udp_gso=common_cpp|udp_gro=on|runtime=none|pmtud=off|pacing=on	cubic	converged	throughput_gbps	15	15	15	6.907475		6.907475	6.848911	6.934416	0.012379	6.779074	6.669717	insufficient_order_stat_support	1.000000	1.000000	ok	incremental_improvement_0.61pct_le_1.00pct
neqoperf	connect	iouring	loopback	publication	1	cc=cubic|sans_io=neqo-transport|cpp_networkhub=on|runtime=none|tls_verify=config_chain_preflight|udp_gso=common_cpp|udp_gro=on	cubic	converged	connections_per_second	5	5	6	783.894290		783.894290	740.316243	806.721268	0.084712	653.729370	322.840265	insufficient_order_stat_support	1.000000	1.000000	ok	incremental_improvement_-2.13pct_le_1.00pct
neqoperf	connect	syscall	loopback	publication	1	cc=cubic|sans_io=neqo-transport|cpp_networkhub=on|runtime=none|tls_verify=config_chain_preflight|udp_gso=common_cpp|udp_gro=on	cubic	converged	connections_per_second	11	11	11	1010.345591		1010.345591	993.743563	1060.714900	0.066286	905.416988	776.517294	insufficient_order_stat_support	1.000000	1.000000	ok	incremental_improvement_0.95pct_le_1.00pct
neqoperf	download	iouring	loopback	publication	1	cc=cubic|sans_io=neqo-transport|cpp_networkhub=on|runtime=none|tls_verify=config_chain_preflight|udp_gso=common_cpp|udp_gro=on	cubic	converged	throughput_gbps	1	1	2	4.084490		4.084490	4.069646	4.095389	0.006302	2.574016	2.336568	insufficient_order_stat_support	1.000000	1.000000	ok	incremental_improvement_-9.81pct_le_1.00pct
neqoperf	download	syscall	loopback	publication	1	cc=cubic|sans_io=neqo-transport|cpp_networkhub=on|runtime=none|tls_verify=config_chain_preflight|udp_gso=common_cpp|udp_gro=on	cubic	converged	throughput_gbps	1	1	2	4.166774		4.166774	4.087426	4.220155	0.031854	2.899089	2.436527	insufficient_order_stat_support	1.000000	1.000000	ok	incremental_improvement_-10.88pct_le_1.00pct
neqoperf	upload	iouring	loopback	publication	1	cc=cubic|sans_io=neqo-transport|cpp_networkhub=on|runtime=none|tls_verify=config_chain_preflight|udp_gso=common_cpp|udp_gro=on	cubic	converged	throughput_gbps	1	1	2	3.975923		3.975923	3.858446	4.181572	0.081271	3.165215	2.633482	insufficient_order_stat_support	1.000000	1.000000	ok	incremental_improvement_-29.94pct_le_1.00pct
neqoperf	upload	syscall	loopback	publication	1	cc=cubic|sans_io=neqo-transport|cpp_networkhub=on|runtime=none|tls_verify=config_chain_preflight|udp_gso=common_cpp|udp_gro=on	cubic	converged	throughput_gbps	1	1	2	4.158408		4.158408	4.127436	4.291403	0.039430	4.030436	3.794727	insufficient_order_stat_support	1.000000	1.000000	ok	incremental_improvement_-36.88pct_le_1.00pct
ngtcp2perf	connect	iouring	loopback	publication	1	cc=cubic|udp_payload_shaping=off|pmtud=off|max_tx_payload=1452|udp_gso=common_cpp|udp_gro=on	cubic	converged	connections_per_second	18	18	18	9968.492186		9968.492186	9968.492186	10001.529931	0.003314	9674.676768	9279.869751	insufficient_order_stat_support	1.000000	1.000000	ok	incremental_improvement_0.96pct_le_1.00pct
ngtcp2perf	connect	syscall	loopback	publication	1	cc=cubic|udp_payload_shaping=off|pmtud=off|max_tx_payload=1452|udp_gso=common_cpp|udp_gro=on	cubic	converged	connections_per_second	7	7	8	3005.263133		3005.263133	2891.829663	3070.212683	0.059357	2728.091454	2613.812173	insufficient_order_stat_support	1.000000	1.000000	ok	incremental_improvement_-0.38pct_le_1.00pct
ngtcp2perf	download	iouring	loopback	publication	1	cc=cubic|udp_payload_shaping=off|pmtud=off|max_tx_payload=1452|udp_gso=common_cpp|udp_gro=on	cubic	converged	throughput_gbps	2	2	3	16.674042		16.674042	16.573227	16.782160	0.012530	15.189776	14.857349	insufficient_order_stat_support	1.000000	1.000000	ok	incremental_improvement_-3.07pct_le_1.00pct
ngtcp2perf	download	syscall	loopback	publication	1	cc=cubic|udp_payload_shaping=off|pmtud=off|max_tx_payload=1452|udp_gso=common_cpp|udp_gro=on	cubic	converged	throughput_gbps	1	1	2	15.025589		15.025589	14.495266	15.881548	0.092261	13.939601	13.856981	insufficient_order_stat_support	1.000000	1.000000	ok	incremental_improvement_-0.41pct_le_1.00pct
ngtcp2perf	upload	iouring	loopback	publication	1	cc=cubic|udp_payload_shaping=off|pmtud=off|max_tx_payload=1452|udp_gso=common_cpp|udp_gro=on	cubic	converged	throughput_gbps	5	5	6	24.267239		24.267239	24.198142	24.392392	0.008005	23.790606	22.805106	insufficient_order_stat_support	1.000000	1.000000	ok	incremental_improvement_-1.76pct_le_1.00pct
ngtcp2perf	upload	syscall	loopback	publication	1	cc=cubic|udp_payload_shaping=off|pmtud=off|max_tx_payload=1452|udp_gso=common_cpp|udp_gro=on	cubic	converged	throughput_gbps	3	3	4	27.141936		27.141936	26.851451	27.159037	0.011332	26.361811	25.962410	insufficient_order_stat_support	1.000000	1.000000	ok	incremental_improvement_-2.00pct_le_1.00pct
noqperf	connect	iouring	loopback	publication	1	cc=cubic|sans_io=noq-proto|cpp_networkhub=on|udp_gso=common_cpp|udp_gro=on|runtime=none	cubic	converged	connections_per_second	10	10	11	6189.861511		6189.861511	6088.715462	6253.221936	0.026577	5960.896086	5952.341174	insufficient_order_stat_support	1.000000	1.000000	ok	incremental_improvement_-0.25pct_le_1.00pct
noqperf	connect	syscall	loopback	publication	1	cc=cubic|sans_io=noq-proto|cpp_networkhub=on|udp_gso=common_cpp|udp_gro=on|runtime=none	cubic	converged	connections_per_second	7	7	8	3090.890761		3090.890761	3072.633097	3119.832592	0.015271	2908.809215	2104.202565	insufficient_order_stat_support	1.000000	1.000000	ok	incremental_improvement_-0.59pct_le_1.00pct
noqperf	download	iouring	loopback	publication	1	cc=cubic|sans_io=noq-proto|cpp_networkhub=on|udp_gso=common_cpp|udp_gro=on|runtime=none	cubic	converged	throughput_gbps	2	2	3	5.254559		5.254559	5.191469	5.275984	0.016084	4.731340	4.673870	insufficient_order_stat_support	1.000000	1.000000	ok	incremental_improvement_-9.04pct_le_1.00pct
noqperf	download	syscall	loopback	publication	1	cc=cubic|sans_io=noq-proto|cpp_networkhub=on|udp_gso=common_cpp|udp_gro=on|runtime=none	cubic	converged	throughput_gbps	3	3	4	4.838655		4.838655	4.835989	4.846376	0.002147	4.738814	4.481207	insufficient_order_stat_support	1.000000	1.000000	ok	incremental_improvement_-6.00pct_le_1.00pct
noqperf	upload	iouring	loopback	publication	1	cc=cubic|sans_io=noq-proto|cpp_networkhub=on|udp_gso=common_cpp|udp_gro=on|runtime=none	cubic	converged	throughput_gbps	1	1	2	3.568493		3.568493	3.545453	3.639660	0.026400	3.255802	3.023662	insufficient_order_stat_support	1.000000	1.000000	ok	incremental_improvement_-15.53pct_le_1.00pct
noqperf	upload	syscall	loopback	publication	1	cc=cubic|sans_io=noq-proto|cpp_networkhub=on|udp_gso=common_cpp|udp_gro=on|runtime=none	cubic	converged	throughput_gbps	1	1	2	3.016209		3.016209	3.003531	3.035678	0.010658	2.971362	2.955585	insufficient_order_stat_support	1.000000	1.000000	ok	incremental_improvement_-12.44pct_le_1.00pct
picoperf	connect	iouring	loopback	publication	1	cc=cubic|pmtud=off|packet_train=off|bdp_frame=on|bdp_seed=off|seed_now=off|udp_gso=common_cpp_after_impairment|udp_gro=on|mtu=1452|null_verifier=ed25519_sigalgs	cubic	converged	connections_per_second	10	10	11	4338.462922		4338.462922	4217.588551	4631.025380	0.095296	3976.282258	3014.600183	insufficient_order_stat_support	1.000000	1.000000	ok	incremental_improvement_-1.86pct_le_1.00pct
picoperf	connect	syscall	loopback	publication	1	cc=cubic|pmtud=off|packet_train=off|bdp_frame=on|bdp_seed=off|seed_now=off|udp_gso=common_cpp_after_impairment|udp_gro=on|mtu=1452|null_verifier=ed25519_sigalgs	cubic	converged	connections_per_second	7	7	8	2199.857603		2199.857603	2198.142564	2207.260707	0.004145	2051.870009	2010.482949	insufficient_order_stat_support	1.000000	1.000000	ok	incremental_improvement_-3.98pct_le_1.00pct
picoperf	download	iouring	loopback	publication	1	cc=cubic|pmtud=off|packet_train=off|bdp_frame=on|bdp_seed=off|seed_now=off|udp_gso=common_cpp_after_impairment|udp_gro=on|mtu=1452|null_verifier=ed25519_sigalgs	cubic	converged	throughput_gbps	1	1	2	5.164743		5.164743	5.073336	5.267850	0.037662	4.688994	4.006930	insufficient_order_stat_support	1.000000	1.000000	ok	incremental_improvement_-35.53pct_le_1.00pct
picoperf	download	syscall	loopback	publication	1	cc=cubic|pmtud=off|packet_train=off|bdp_frame=on|bdp_seed=off|seed_now=off|udp_gso=common_cpp_after_impairment|udp_gro=on|mtu=1452|null_verifier=ed25519_sigalgs	cubic	converged	throughput_gbps	1	1	2	8.050297		8.050297	7.961233	8.540953	0.072012	7.741265	7.178985	insufficient_order_stat_support	1.000000	1.000000	ok	incremental_improvement_-56.58pct_le_1.00pct
picoperf	upload	iouring	loopback	publication	1	cc=cubic|pmtud=off|packet_train=off|bdp_frame=on|bdp_seed=off|seed_now=off|udp_gso=common_cpp_after_impairment|udp_gro=on|mtu=1452|null_verifier=ed25519_sigalgs	cubic	converged	throughput_gbps	5	5	6	11.474884		11.474884	11.412097	11.518538	0.009276	10.960406	10.846146	insufficient_order_stat_support	1.000000	1.000000	ok	incremental_improvement_-0.55pct_le_1.00pct
picoperf	upload	syscall	loopback	publication	1	cc=cubic|pmtud=off|packet_train=off|bdp_frame=on|bdp_seed=off|seed_now=off|udp_gso=common_cpp_after_impairment|udp_gro=on|mtu=1452|null_verifier=ed25519_sigalgs	cubic	converged	throughput_gbps	2	2	3	11.432897		11.432897	11.432897	11.434361	0.000128	9.576479	6.385263	insufficient_order_stat_support	1.000000	1.000000	ok	incremental_improvement_-24.58pct_le_1.00pct
quicheperf	connect	iouring	loopback	publication	1	cc=cubic|migration=off|pmtud=off|max_windows=profile|udp_gso=common_cpp|udp_gro=on	cubic	converged	connections_per_second	12	12	13	5791.114261		5791.114261	5591.738403	5911.185679	0.055162	5406.021068	4992.484783	insufficient_order_stat_support	1.000000	1.000000	ok	incremental_improvement_-1.73pct_le_1.00pct
quicheperf	connect	syscall	loopback	publication	1	cc=cubic|migration=off|pmtud=off|max_windows=profile|udp_gso=common_cpp|udp_gro=on	cubic	converged	connections_per_second	8	8	8	2436.649213		2436.649213	2428.635509	2458.088639	0.012088	2131.206192	2062.089104	insufficient_order_stat_support	1.000000	1.000000	ok	incremental_improvement_0.43pct_le_1.00pct
quicheperf	download	iouring	loopback	publication	1	cc=cubic|migration=off|pmtud=off|max_windows=profile|udp_gso=common_cpp|udp_gro=on	cubic	converged	throughput_gbps	2	2	3	7.756130		7.756130	7.540797	7.868298	0.042225	6.742242	6.459976	insufficient_order_stat_support	1.000000	1.000000	ok	incremental_improvement_-0.95pct_le_1.00pct
quicheperf	download	syscall	loopback	publication	1	cc=cubic|migration=off|pmtud=off|max_windows=profile|udp_gso=common_cpp|udp_gro=on	cubic	converged	throughput_gbps	2	2	3	8.997457		8.997457	8.852940	9.081077	0.025356	8.543396	8.244910	insufficient_order_stat_support	1.000000	1.000000	ok	incremental_improvement_-1.84pct_le_1.00pct
quicheperf	upload	iouring	loopback	publication	1	cc=cubic|migration=off|pmtud=off|max_windows=profile|udp_gso=common_cpp|udp_gro=on	cubic	converged	throughput_gbps	4	4	4	12.812679		12.812679	12.696608	12.858691	0.012650	12.525365	12.204643	insufficient_order_stat_support	1.000000	1.000000	ok	incremental_improvement_0.81pct_le_1.00pct
quicheperf	upload	syscall	loopback	publication	1	cc=cubic|migration=off|pmtud=off|max_windows=profile|udp_gso=common_cpp|udp_gro=on	cubic	converged	throughput_gbps	4	4	5	13.906682		13.906682	13.798894	14.044604	0.017668	13.451031	13.217116	insufficient_order_stat_support	1.000000	1.000000	ok	incremental_improvement_-0.74pct_le_1.00pct
quiczigperf	connect	iouring	loopback	publication	1	cc=cubic|bbr=unsupported|packet_api=quic-zig-connection|cpp_networkhub=on|udp_gso=common_cpp|udp_gro=on|runtime=none|pmtud=off|pacing=library_default|send_backpressure=stream_window|flow_window=profile_request|server_send_rr=on	cubic	converged	connections_per_second	11	11	12	3799.021948		3799.021948	3718.192405	4211.814086	0.129934	3560.824782	3351.399586	insufficient_order_stat_support	1.000000	1.000000	ok	incremental_improvement_-0.82pct_le_1.00pct
quiczigperf	connect	syscall	loopback	publication	1	cc=cubic|bbr=unsupported|packet_api=quic-zig-connection|cpp_networkhub=on|udp_gso=common_cpp|udp_gro=on|runtime=none|pmtud=off|pacing=library_default|send_backpressure=stream_window|flow_window=profile_request|server_send_rr=on	cubic	converged	connections_per_second	6	6	7	2320.150826		2320.150826	2261.631604	2456.745204	0.084095	2101.665001	2068.932483	insufficient_order_stat_support	1.000000	1.000000	ok	incremental_improvement_-0.29pct_le_1.00pct
quiczigperf	download	iouring	loopback	publication	1	cc=cubic|bbr=unsupported|packet_api=quic-zig-connection|cpp_networkhub=on|udp_gso=common_cpp|udp_gro=on|runtime=none|pmtud=off|pacing=library_default|send_backpressure=stream_window|flow_window=profile_request|server_send_rr=on	cubic	converged	throughput_gbps	1	1	2	9.420408		9.420408	9.405543	9.444366	0.004121	8.579543	6.007909	insufficient_order_stat_support	1.000000	1.000000	ok	incremental_improvement_-68.14pct_le_1.00pct
quiczigperf	download	syscall	loopback	publication	1	cc=cubic|bbr=unsupported|packet_api=quic-zig-connection|cpp_networkhub=on|udp_gso=common_cpp|udp_gro=on|runtime=none|pmtud=off|pacing=library_default|send_backpressure=stream_window|flow_window=profile_request|server_send_rr=on	cubic	converged	throughput_gbps	1	1	2	9.585001		9.585001	9.459122	9.633523	0.018195	8.995010	8.988759	insufficient_order_stat_support	1.000000	1.000000	ok	incremental_improvement_-46.05pct_le_1.00pct
quiczigperf	upload	iouring	loopback	publication	1	cc=cubic|bbr=unsupported|packet_api=quic-zig-connection|cpp_networkhub=on|udp_gso=common_cpp|udp_gro=on|runtime=none|pmtud=off|pacing=library_default|send_backpressure=stream_window|flow_window=profile_request|server_send_rr=on	cubic	converged	throughput_gbps	1	1	2	9.206329		9.206329	8.940846	9.255198	0.034145	8.727627	8.111478	insufficient_order_stat_support	1.000000	1.000000	ok	incremental_improvement_-29.75pct_le_1.00pct
quiczigperf	upload	syscall	loopback	publication	1	cc=cubic|bbr=unsupported|packet_api=quic-zig-connection|cpp_networkhub=on|udp_gso=common_cpp|udp_gro=on|runtime=none|pmtud=off|pacing=library_default|send_backpressure=stream_window|flow_window=profile_request|server_send_rr=on	cubic	converged	throughput_gbps	1	1	2	9.277879		9.277879	8.985239	9.980820	0.107307	8.919113	8.416090	insufficient_order_stat_support	1.000000	1.000000	ok	incremental_improvement_-20.44pct_le_1.00pct
quinnperf	connect	iouring	loopback	publication	1	cc=cubic|sans_io=quinn-proto|cpp_networkhub=on|udp_gso=common_cpp|udp_gro=on|runtime=none	cubic	converged	connections_per_second	14	14	15	7157.732729		7157.732729	6931.125190	7194.897060	0.036851	6839.169527	6623.421717	insufficient_order_stat_support	1.000000	1.000000	ok	incremental_improvement_-0.36pct_le_1.00pct
quinnperf	connect	syscall	loopback	publication	1	cc=cubic|sans_io=quinn-proto|cpp_networkhub=on|udp_gso=common_cpp|udp_gro=on|runtime=none	cubic	converged	connections_per_second	7	7	8	3257.025843		3257.025843	3227.349122	3262.738165	0.010865	3086.245295	2956.854265	insufficient_order_stat_support	1.000000	1.000000	ok	incremental_improvement_-4.53pct_le_1.00pct
quinnperf	download	iouring	loopback	publication	1	cc=cubic|sans_io=quinn-proto|cpp_networkhub=on|udp_gso=common_cpp|udp_gro=on|runtime=none	cubic	converged	throughput_gbps	2	2	3	6.588323		6.588323	6.577764	6.602701	0.003785	5.803546	5.654969	insufficient_order_stat_support	1.000000	1.000000	ok	incremental_improvement_-7.00pct_le_1.00pct
quinnperf	download	syscall	loopback	publication	1	cc=cubic|sans_io=quinn-proto|cpp_networkhub=on|udp_gso=common_cpp|udp_gro=on|runtime=none	cubic	converged	throughput_gbps	3	3	3	5.831085		5.831085	5.831085	6.065192	0.040148	5.691677	5.613418	insufficient_order_stat_support	1.000000	1.000000	ok	incremental_improvement_0.95pct_le_1.00pct
quinnperf	upload	iouring	loopback	publication	1	cc=cubic|sans_io=quinn-proto|cpp_networkhub=on|udp_gso=common_cpp|udp_gro=on|runtime=none	cubic	converged	throughput_gbps	1	1	2	4.130215		4.130215	4.070908	4.612115	0.131036	4.038993	3.989456	insufficient_order_stat_support	1.000000	1.000000	ok	incremental_improvement_-12.13pct_le_1.00pct
quinnperf	upload	syscall	loopback	publication	1	cc=cubic|sans_io=quinn-proto|cpp_networkhub=on|udp_gso=common_cpp|udp_gro=on|runtime=none	cubic	converged	throughput_gbps	1	1	2	3.446281		3.446281	3.440568	3.448079	0.002179	3.409587	3.407726	insufficient_order_stat_support	1.000000	1.000000	ok	incremental_improvement_-7.90pct_le_1.00pct
s2nperf	connect	iouring	loopback	publication	1	cc=cubic|manual_endpoint=s2n-quic|cpp_networkhub=on|udp_gso=common_cpp|udp_gro=on|runtime=none	cubic	converged	connections_per_second	11	11	12	5656.456478		5656.456478	5628.110860	5723.682289	0.016896	5158.652692	4968.168106	insufficient_order_stat_support	1.000000	1.000000	ok	incremental_improvement_-1.57pct_le_1.00pct
s2nperf	connect	syscall	loopback	publication	1	cc=cubic|manual_endpoint=s2n-quic|cpp_networkhub=on|udp_gso=common_cpp|udp_gro=on|runtime=none	cubic	converged	connections_per_second	7	7	8	2827.714947		2827.714947	2813.105478	2864.055067	0.018018	2693.289189	2664.515157	insufficient_order_stat_support	1.000000	1.000000	ok	incremental_improvement_-5.28pct_le_1.00pct
s2nperf	download	iouring	loopback	publication	1	cc=cubic|manual_endpoint=s2n-quic|cpp_networkhub=on|udp_gso=common_cpp|udp_gro=on|runtime=none	cubic	converged	throughput_gbps	6	6	6	5.445554		5.445554	5.084809	5.506939	0.077518	2.168414	1.802073	insufficient_order_stat_support	1.000000	1.000000	ok	incremental_improvement_0.68pct_le_1.00pct
s2nperf	download	syscall	loopback	publication	1	cc=cubic|manual_endpoint=s2n-quic|cpp_networkhub=on|udp_gso=common_cpp|udp_gro=on|runtime=none	cubic	converged	throughput_gbps	4	4	5	5.475502		5.475502	5.475502	5.571966	0.017617	4.301609	3.142834	insufficient_order_stat_support	1.000000	1.000000	ok	incremental_improvement_-12.00pct_le_1.00pct
s2nperf	upload	iouring	loopback	publication	1	cc=cubic|manual_endpoint=s2n-quic|cpp_networkhub=on|udp_gso=common_cpp|udp_gro=on|runtime=none	cubic	converged	throughput_gbps	3	3	4	5.525716		5.525716	5.444689	5.752873	0.055773	5.132517	5.040216	insufficient_order_stat_support	1.000000	1.000000	ok	incremental_improvement_-0.93pct_le_1.00pct
s2nperf	upload	syscall	loopback	publication	1	cc=cubic|manual_endpoint=s2n-quic|cpp_networkhub=on|udp_gso=common_cpp|udp_gro=on|runtime=none	cubic	converged	throughput_gbps	2	2	3	5.989219		5.989219	5.920309	6.031853	0.018624	5.689911	5.588705	insufficient_order_stat_support	1.000000	1.000000	ok	incremental_improvement_-0.83pct_le_1.00pct
tquicperf	connect	iouring	loopback	publication	1	cc=cubic|pacing=on|pmtud=off|send_batch=150|max_conns=server_connections|tls_sigalgs=explicit|udp_gso=common_cpp|udp_gro=on	cubic	converged	connections_per_second	12	12	13	7220.246114		7220.246114	7168.251122	7226.052397	0.008005	6845.680285	6287.859889	insufficient_order_stat_support	1.000000	1.000000	ok	incremental_improvement_-1.18pct_le_1.00pct
tquicperf	connect	syscall	loopback	publication	1	cc=cubic|pacing=on|pmtud=off|send_batch=150|max_conns=server_connections|tls_sigalgs=explicit|udp_gso=common_cpp|udp_gro=on	cubic	converged	connections_per_second	9	9	10	2961.370148		2961.370148	2904.003088	3075.729407	0.057989	2789.421934	2760.896754	insufficient_order_stat_support	1.000000	1.000000	ok	incremental_improvement_-0.23pct_le_1.00pct
tquicperf	download	iouring	loopback	publication	1	cc=cubic|pacing=on|pmtud=off|send_batch=150|max_conns=server_connections|tls_sigalgs=explicit|udp_gso=common_cpp|udp_gro=on	cubic	converged	throughput_gbps	3	3	3	6.547078		6.547078	6.339039	6.585677	0.037671	6.240084	6.160812	insufficient_order_stat_support	1.000000	1.000000	ok	incremental_improvement_0.28pct_le_1.00pct
tquicperf	download	syscall	loopback	publication	1	cc=cubic|pacing=on|pmtud=off|send_batch=150|max_conns=server_connections|tls_sigalgs=explicit|udp_gso=common_cpp|udp_gro=on	cubic	converged	throughput_gbps	4	4	5	7.406345		7.406345	7.337566	7.426431	0.011998	7.083317	6.488085	insufficient_order_stat_support	1.000000	1.000000	ok	incremental_improvement_-1.79pct_le_1.00pct
tquicperf	upload	iouring	loopback	publication	1	cc=cubic|pacing=on|pmtud=off|send_batch=150|max_conns=server_connections|tls_sigalgs=explicit|udp_gso=common_cpp|udp_gro=on	cubic	converged	throughput_gbps	5	5	5	10.060567		10.060567	10.056126	10.107400	0.005097	9.793067	9.299861	insufficient_order_stat_support	1.000000	1.000000	ok	incremental_improvement_0.88pct_le_1.00pct
tquicperf	upload	syscall	loopback	publication	1	cc=cubic|pacing=on|pmtud=off|send_batch=150|max_conns=server_connections|tls_sigalgs=explicit|udp_gso=common_cpp|udp_gro=on	cubic	converged	throughput_gbps	5	5	6	11.058685		11.058685	10.870311	11.715629	0.076439	10.552593	9.663918	insufficient_order_stat_support	1.000000	1.000000	ok	incremental_improvement_-2.04pct_le_1.00pct
xquicperf	connect	iouring	loopback	publication	1	cc=cubic|pacing=on|sendmmsg=on|cid_len=12|qlog=off|tls_sigalgs=ssl_ctx_wrap|tls_verify=config_chain_preflight|udp_gso=common_cpp|udp_gro=on	cubic	converged	connections_per_second	17	17	18	8833.428586		8833.428586	8714.711762	8915.176031	0.022694	8111.086356	7459.731755	insufficient_order_stat_support	1.000000	1.000000	ok	incremental_improvement_-3.43pct_le_1.00pct
xquicperf	connect	syscall	loopback	publication	1	cc=cubic|pacing=on|sendmmsg=on|cid_len=12|qlog=off|tls_sigalgs=ssl_ctx_wrap|tls_verify=config_chain_preflight|udp_gso=common_cpp|udp_gro=on	cubic	converged	connections_per_second	7	7	8	3606.709152		3606.709152	3546.538357	3612.972232	0.018420	3402.240333	2414.022688	insufficient_order_stat_support	1.000000	1.000000	ok	incremental_improvement_-1.19pct_le_1.00pct
xquicperf	download	iouring	loopback	publication	1	cc=cubic|pacing=on|sendmmsg=on|cid_len=12|qlog=off|tls_sigalgs=ssl_ctx_wrap|tls_verify=config_chain_preflight|udp_gso=common_cpp|udp_gro=on	cubic	converged	throughput_gbps	4	4	5	3.384320		3.384320	3.326824	3.471332	0.042699	2.850652	2.311483	insufficient_order_stat_support	1.000000	1.000000	ok	incremental_improvement_-0.73pct_le_1.00pct
xquicperf	download	syscall	loopback	publication	1	cc=cubic|pacing=on|sendmmsg=on|cid_len=12|qlog=off|tls_sigalgs=ssl_ctx_wrap|tls_verify=config_chain_preflight|udp_gso=common_cpp|udp_gro=on	cubic	converged	throughput_gbps	3	3	4	4.865162		4.865162	4.375754	5.123115	0.153615	3.960274	2.450465	insufficient_order_stat_support	1.000000	1.000000	ok	incremental_improvement_-2.61pct_le_1.00pct
xquicperf	upload	iouring	loopback	publication	1	cc=cubic|pacing=on|sendmmsg=on|cid_len=12|qlog=off|tls_sigalgs=ssl_ctx_wrap|tls_verify=config_chain_preflight|udp_gso=common_cpp|udp_gro=on	cubic	converged	throughput_gbps	1	1	2	1.726123		1.726123	1.718020	1.727138	0.005283	1.107071	1.008838	insufficient_order_stat_support	1.000000	1.000000	ok	incremental_improvement_-10.97pct_le_1.00pct
xquicperf	upload	syscall	loopback	publication	1	cc=cubic|pacing=on|sendmmsg=on|cid_len=12|qlog=off|tls_sigalgs=ssl_ctx_wrap|tls_verify=config_chain_preflight|udp_gso=common_cpp|udp_gro=on	cubic	converged	throughput_gbps	4	4	5	3.131590		3.131590	2.995256	3.146343	0.048246	2.926166	2.843229	insufficient_order_stat_support	1.000000	1.000000	ok	incremental_improvement_-0.98pct_le_1.00pct
